season,timestamp,charge_mode,charging_1,discharging_1,charging_10,discharging_10,charging_20,discharging_20,charging_30,discharging_30,pv,building,total,price
winter,2021-01-14 00:00:00+00:00,1,0,0,0,0,0,0,0,0,0,93.46,93.46,52.28
winter,2021-01-14 00:15:00+00:00,1,0,0,0,0,0,0,0,0,0,91.66,91.66,41.4
winter,2021-01-14 00:30:00+00:00,1,0,0,0,0,0,0,0,0,0,87.2,87.2,23.31
winter,2021-01-14 00:45:00+00:00,1,0,0,0,0,0,0,0,0,0,83.28,83.28,16.67
winter,2021-01-14 01:00:00+00:00,1,0,0,0,0,0,0,0,0,0,84.14,84.14,42.6
winter,2021-01-14 01:15:00+00:00,1,0,0,0,0,0,0,0,0,0,86.58,86.58,34.62
winter,2021-01-14 01:30:00+00:00,1,0,0,0,0,0,0,0,0,0,85.32,85.32,25.95
winter,2021-01-14 01:45:00+00:00,1,0,0,0,0,0,0,0,0,0,88.46,88.46,16.44
winter,2021-01-14 02:00:00+00:00,1,0,0,0,0,0,0,0,0,0,84.44,84.44,34.18
winter,2021-01-14 02:15:00+00:00,1,0,0,0,0,0,0,0,0,0,78.54,78.54,31.42
winter,2021-01-14 02:30:00+00:00,1,0,0,0,0,0,0,0,0,0,77.18,77.18,33.98
winter,2021-01-14 02:45:00+00:00,1,0,0,0,0,0,0,0,0,0,76.94,76.94,39.94
winter,2021-01-14 03:00:00+00:00,1,0,0,0,0,0,0,0,0,0,74.56,74.56,23.16
winter,2021-01-14 03:15:00+00:00,1,0,0,0,0,0,0,0,0,0,71.66,71.66,24.87
winter,2021-01-14 03:30:00+00:00,1,0,0,0,0,0,0,0,0,0,71.5,71.5,41.44
winter,2021-01-14 03:45:00+00:00,1,0,0,0,0,0,0,0,0,0,67.42,67.42,52.55
winter,2021-01-14 04:00:00+00:00,1,0,0,0,0,0,0,0,0,0,67.28,67.28,27.4
winter,2021-01-14 04:15:00+00:00,1,0,0,0,0,0,0,0,0,0,65.94,65.94,36.5
winter,2021-01-14 04:30:00+00:00,1,0,0,0,0,0,0,0,0,0,61.3,61.3,40.38
winter,2021-01-14 04:45:00+00:00,1,0,0,0,0,0,0,0,0,0,62.1,62.1,24.5
winter,2021-01-14 05:00:00+00:00,1,0,0,0,0,0,0,0,0,0,71.02,71.02,27.38
winter,2021-01-14 05:15:00+00:00,1,0,0,0,0,0,0,0,0,0,71.36,71.36,36.46
winter,2021-01-14 05:30:00+00:00,1,0,0,12.8197589874621,0,12.8197589874621,0,12.8197589874621,0,0,72.8,85.6197589874621,49.01
winter,2021-01-14 05:45:00+00:00,1,0,0,0,0,0,0,0,0,0,81.08,81.08,65.15
winter,2021-01-14 06:00:00+00:00,1,0,0,0,0,0,0,0,0,0,91.78,91.78,-0.08
winter,2021-01-14 06:15:00+00:00,1,0,0,100,0,100,0,100,0,0,90.12,190.12,41.59
winter,2021-01-14 06:30:00+00:00,1,0,0,100,0,100,0,100,0,0,81.86,181.86,70.96
winter,2021-01-14 06:45:00+00:00,1,0,0,27.9382832360597,0,32.5444992269953,0,32.5444992269953,0,0,90.68,123.224499226995,77.53
winter,2021-01-14 07:00:00+00:00,1,0,0,0,0,0,0,43.1559642219372,0,0,121.58,164.735964221937,46.33
winter,2021-01-14 07:15:00+00:00,1,0,0,0,0,100,0,100,0,0,130.04,230.04,75.28
winter,2021-01-14 07:30:00+00:00,1,0,0,0,0,100,0,100,0,0,133.02,233.02,75.25
winter,2021-01-14 07:45:00+00:00,1,0,0,0,0,87.0363335139139,0,187.036333513914,0,0,131.4,318.436333513914,122.74
winter,2021-01-14 08:00:00+00:00,1,0,0,0,0,0,0,100,0,0,136.04,236.04,58.14
winter,2021-01-14 08:15:00+00:00,1,0,0,0,0,0,0,100,0,0,141.58,241.58,73.95
winter,2021-01-14 08:30:00+00:00,1,0,0,100,0,100,0,200,0,0.128274091718144,143.66,343.531725908282,92.81
winter,2021-01-14 08:45:00+00:00,1,0,0,100,0,100,0,200,0,8.36062737824837,149.98,341.619372621752,109.16
winter,2021-01-14 09:00:00+00:00,1,0,0,100,0,100,0,200,0,44.363077116397,150.98,306.616922883603,61.09
winter,2021-01-14 09:15:00+00:00,1,0,0,9.57478261729107,0,9.57478261729107,0,109.574782617291,0,79.3263050831875,151.77,182.018477534104,74.32
winter,2021-01-14 09:30:00+00:00,1,0,0,0,0,0,0,0,0,106.264944554294,140.92,34.6550554457061,89.57
winter,2021-01-14 09:45:00+00:00,1,0,0,0,0,0,0,100,0,133.364252865676,142.02,108.655747134323,104.22
winter,2021-01-14 10:00:00+00:00,1,0,0,0,0,0,0,100,0,141.879881065158,151.66,109.780118934842,77.88
winter,2021-01-14 10:15:00+00:00,1,0,0,0,0,0,0,100,0,155.594152393336,149.12,93.5258476066643,86.74
winter,2021-01-14 10:30:00+00:00,1,0,0,100,0,100,0,200,0,106.191366393012,143.93,237.738633606988,75.25
winter,2021-01-14 10:45:00+00:00,1,0,0,100,0,100,0,200,0,171.872947981785,137.81,165.937052018215,100
winter,2021-01-14 11:00:00+00:00,1,0,0,100,0,300,0,400,0,241.785548494093,134.44,292.654451505907,75.26
winter,2021-01-14 11:15:00+00:00,1,100,0,118.061699918297,0,331.624749022659,0,631.624749022659,0,244.697947345617,135.92,522.846801677042,88.11
winter,2021-01-14 11:30:00+00:00,1,100,0,200,0,298.303956126974,0,398.303956126974,0,237.243915764221,133.68,294.740040362753,84.6
winter,2021-01-14 11:45:00+00:00,1,100,0,108.966259319145,0,108.966259319145,0,208.966259319145,0,225.514695917179,132.41,115.861563401965,92.3
winter,2021-01-14 12:00:00+00:00,1,100,0,100,0,100,0,300,0,220.479991869165,137.67,217.190008130835,83.51
winter,2021-01-14 12:15:00+00:00,1,100,0,100,0,100,0,300,0,236.601436821399,140.45,203.848563178601,78.59
winter,2021-01-14 12:30:00+00:00,1,100,0,200,0,300,0,600,0,260.3950384421,140.58,480.1849615579,78.98
winter,2021-01-14 12:45:00+00:00,1,100,0,200,0,300,0,500,0,267.11365792993,138.52,371.40634207007,78.64
winter,2021-01-14 13:00:00+00:00,1,90.2311020238288,0,187.542277462901,0,287.542277462901,0,387.542277462901,0,284.198256577181,138.7,242.04402088572,100.25
winter,2021-01-14 13:15:00+00:00,1,0,0,16.2071901269765,0,16.2071901269765,0,116.207190126976,0,281.748770209503,144.16,-21.3815800825269,78.26
winter,2021-01-14 13:30:00+00:00,1,0,0,78.3463919882519,0,78.3463919882519,0,170.602495499677,0,235.777668937397,137.2,72.0248265622803,78.4
winter,2021-01-14 13:45:00+00:00,1,0,0,137.217250811265,0,137.217250811265,0,237.217250811265,0,200.701068361952,141.93,178.446182449313,75.2
winter,2021-01-14 14:00:00+00:00,1,20.4629041504696,0,20.4629041504696,0,20.4629041504696,0,120.46290415047,0,164.371722830189,143.84,99.931181320281,82.34
winter,2021-01-14 14:15:00+00:00,1,0,0,100,0,145.536647209058,0,345.536647209058,0,119.473916697593,148.33,374.392730511466,79.37
winter,2021-01-14 14:30:00+00:00,1,0,0,100,0,221.103283701742,0,421.103283701742,0,73.9834673332872,145.58,492.699816368455,78.94
winter,2021-01-14 14:45:00+00:00,1,0,0,200,0,400,0,600,0,38.8216355661726,148.56,709.738364433827,78.67
winter,2021-01-14 15:00:00+00:00,1,0,0,200,0,352.251066880916,0,852.251066880916,0,62.5434988482487,146.44,936.147568032668,78.91
winter,2021-01-14 15:15:00+00:00,1,0,0,300,0,500,0,1000,0,63.542390666504,141.85,1078.3076093335,83.11
winter,2021-01-14 15:30:00+00:00,1,0,0,159.304453636722,0,266.92998320532,0,766.92998320532,0,16.4281443440315,146.79,897.291838861289,86.4
winter,2021-01-14 15:45:00+00:00,1,0,0,100,0,179.930633972758,0,679.930633972758,0,9.89532898815265,148.17,818.205304984605,75.28
winter,2021-01-14 16:00:00+00:00,1,0,0,128.807757132093,0,128.807757132093,0,514.445276942833,0,4.25155929547817,144.74,654.933717647355,68.48
winter,2021-01-14 16:15:00+00:00,1,0,0,100,0,100,0,300,0,0,150.16,450.16,75.27
winter,2021-01-14 16:30:00+00:00,1,68.7683048448407,0,168.768304844841,0,168.768304844841,0,368.768304844841,0,0,149.02,517.788304844841,90.12
winter,2021-01-14 16:45:00+00:00,1,0,0,100,0,100,0,300,0,0,150.23,450.23,107.73
winter,2021-01-14 17:00:00+00:00,1,0,0,100,0,100,0,300,0,0,167.1,467.1,75.28
winter,2021-01-14 17:15:00+00:00,1,0,0,79.7969981643451,0,79.7969981643451,0,279.796998164345,0,0,211.78,491.576998164345,103.01
winter,2021-01-14 17:30:00+00:00,1,0,0,38.6671748742733,0,38.6671748742733,0,338.667174874273,0,0,180.3,518.967174874273,125.46
winter,2021-01-14 17:45:00+00:00,1,0,0,0,0,0,0,300,0,0,181.22,481.22,103.8
winter,2021-01-14 18:00:00+00:00,1,0,0,100,0,200,0,424.836678094547,0,0,172.16,596.996678094547,102.79
winter,2021-01-14 18:15:00+00:00,1,0,0,59.7287946875271,0,98.8700617410841,0,298.870061741084,0,0,166.64,465.510061741084,78.62
winter,2021-01-14 18:30:00+00:00,1,0,0,19.4143134330702,0,19.4143134330702,0,219.41431343307,0,0,158.48,377.89431343307,105.14
winter,2021-01-14 18:45:00+00:00,1,0,0,0,0,0,0,300,0,0,152.08,452.08,75.26
winter,2021-01-14 19:00:00+00:00,1,0,0,100,0,100,0,400,0,0,148.56,548.56,128.36
winter,2021-01-14 19:15:00+00:00,1,0,0,100,0,100,0,384.483448914182,0,0,139.06,523.543448914182,87.6
winter,2021-01-14 19:30:00+00:00,1,0,0,100,0,100,0,300,0,0,132.48,432.48,80.04
winter,2021-01-14 19:45:00+00:00,1,0,0,100,0,100,0,400,0,0,120.08,520.08,61.06
winter,2021-01-14 20:00:00+00:00,1,0,0,24.1600502022582,0,24.1600502022582,0,324.160050202258,0,0,116.04,440.200050202258,118.29
winter,2021-01-14 20:15:00+00:00,1,0,0,0,0,0,0,259.593996328691,0,0,113.18,372.773996328691,75.16
winter,2021-01-14 20:30:00+00:00,1,0,0,0,0,0,0,200,0,0,98.78,298.78,61.96
winter,2021-01-14 20:45:00+00:00,1,0,0,100,0,100,0,300,0,0,94.16,394.16,56.14
winter,2021-01-14 21:00:00+00:00,1,0,0,100,0,115.789116588935,0,315.789116588935,0,0,93.06,408.849116588935,75.17
winter,2021-01-14 21:15:00+00:00,1,0,0,100,0,100,0,300,0,0,92.26,392.26,75.14
winter,2021-01-14 21:30:00+00:00,1,0,0,55.5893932950104,0,55.5893932950104,0,212.629520559282,0,0,92.72,305.349520559282,61.95
winter,2021-01-14 21:45:00+00:00,1,0,0,0,0,0,0,100,0,0,93.66,193.66,46.54
winter,2021-01-14 22:00:00+00:00,1,0,0,0,0,0,0,100,0,0,93.98,193.98,75.14
winter,2021-01-14 22:15:00+00:00,1,0,0,0,0,0,0,100,0,0,103.34,203.34,70.99
winter,2021-01-14 22:30:00+00:00,1,0,0,0,0,0,0,100,0,0,90.44,190.44,59.61
winter,2021-01-14 22:45:00+00:00,1,0,0,0,0,0,0,100,0,0,75.66,175.66,53.91
winter,2021-01-14 23:00:00+00:00,1,0,0,0,0,0,0,100,0,0,81.2,181.2,75.8
winter,2021-01-14 23:15:00+00:00,1,0,0,0,0,0,0,100,0,0,83.9,183.9,70.96
winter,2021-01-14 23:30:00+00:00,1,0,0,0,0,0,0,100,0,0,89.1,189.1,56.98
winter,2021-01-14 23:45:00+00:00,1,0,0,0,0,0,0,100,0,0,89.74,189.74,40.61
summer,2021-08-13 00:00:00+00:00,1,0,0,0,0,0,0,0,0,0,32,32,96.69
summer,2021-08-13 00:15:00+00:00,1,0,0,0,0,0,0,0,0,0,30.66,30.66,88.11
summer,2021-08-13 00:30:00+00:00,1,0,0,0,0,0,0,0,0,0,28.96,28.96,87.91
summer,2021-08-13 00:45:00+00:00,1,0,0,0,0,0,0,0,0,0,29.68,29.68,79.02
summer,2021-08-13 01:00:00+00:00,1,0,0,0,0,0,0,0,0,0,30.42,30.42,87.93
summer,2021-08-13 01:15:00+00:00,1,0,0,0,0,0,0,0,0,0,28.94,28.94,87.16
summer,2021-08-13 01:30:00+00:00,1,0,0,0,0,0,0,0,0,0,26.02,26.02,85.19
summer,2021-08-13 01:45:00+00:00,1,0,0,0,0,0,0,0,0,0,39,39,82.88
summer,2021-08-13 02:00:00+00:00,1,0,0,0,0,0,0,0,0,0,41.58,41.58,83.9
summer,2021-08-13 02:15:00+00:00,1,0,0,0,0,0,0,0,0,0,19.76,19.76,85.55
summer,2021-08-13 02:30:00+00:00,1,0,0,0,0,0,0,0,0,0,20.8,20.8,84.01
summer,2021-08-13 02:45:00+00:00,1,0,0,0,0,0,0,0,0,0,20.12,20.12,82.54
summer,2021-08-13 03:00:00+00:00,1,0,0,0,0,0,0,0,0,0,21.04,21.04,72.04
summer,2021-08-13 03:15:00+00:00,1,0,0,0,0,0,0,0,0,0,21.62,21.62,80.07
summer,2021-08-13 03:30:00+00:00,1,0,0,0,0,0,0,0,0,0,21.24,21.24,90.59
summer,2021-08-13 03:45:00+00:00,1,0,0,0,0,0,0,0,0,0,19.94,19.94,96.56
summer,2021-08-13 04:00:00+00:00,1,0,0,0,0,0,0,0,0,0,18,18,70.21
summer,2021-08-13 04:15:00+00:00,1,0,0,0,0,0,0,0,0,0,18.34,18.34,82.47
summer,2021-08-13 04:30:00+00:00,1,0,0,0,0,0,0,0,0,0,18.16,18.16,92.66
summer,2021-08-13 04:45:00+00:00,1,0,0,0,0,0,0,0,0,0,20.06,20.06,108.23
summer,2021-08-13 05:00:00+00:00,1,0,0,0,0,0,0,0,0,0,23.98,23.98,86.62
summer,2021-08-13 05:15:00+00:00,1,0,0,0,0,0,0,0,0,0,21.02,21.02,108.33
summer,2021-08-13 05:30:00+00:00,1,0,0,0,0,0,0,0,0,1.13357872836143,22.18,21.0464212716386,136.09
summer,2021-08-13 05:45:00+00:00,1,0,0,0,0,3.14750386823574,0,3.14750386823574,0,24.4768331734152,21.54,0.210670694820536,134.97
summer,2021-08-13 06:00:00+00:00,1,0,0,0,0,0,0,0,0,66.8503556862777,43.3,-23.5503556862777,130.62
summer,2021-08-13 06:15:00+00:00,1,0,0,0,0,0,0,0,0,99.7865552282401,40.78,-59.0065552282401,135.16
summer,2021-08-13 06:30:00+00:00,1,0,0,0,0,0,0,0,0,137.213014453145,39.28,-97.9330144531453,120.75
summer,2021-08-13 06:45:00+00:00,1,0,0,0,0,0,0,0,0,179.854613443938,78.3,-101.554613443938,108.91
summer,2021-08-13 07:00:00+00:00,1,0,0,0,0,0,0,0,0,219.868991229652,119.85,-100.018991229652,158.42
summer,2021-08-13 07:15:00+00:00,1,0,0,0,0,14.3173256137635,0,14.3173256137635,0,261.828525329843,101.21,-146.301199716079,141.84
summer,2021-08-13 07:30:00+00:00,1,0,0,0,0,0,0,0,0,304.864653986679,104.86,-200.004653986679,108.39
summer,2021-08-13 07:45:00+00:00,1,0,0,0,0,0,0,0,0,348.22559845521,109.37,-238.85559845521,92.63
summer,2021-08-13 08:00:00+00:00,1,0,0,0,0,0,0,0,0,386.110918396789,107.6,-278.510918396789,138.02
summer,2021-08-13 08:15:00+00:00,1,0,0,0,0,0,0,13.4742380379673,0,424.354950455084,106.94,-303.940712417117,107.65
summer,2021-08-13 08:30:00+00:00,1,0,0,100,0,100,0,100,0,461.387472636935,113.2,-248.187472636935,108.33
summer,2021-08-13 08:45:00+00:00,1,0,0,200,0,226.898147404689,0,226.898147404689,0,497.290066288204,110.6,-159.791918883515,90.41
summer,2021-08-13 09:00:00+00:00,1,100,0,300,0,300,0,300,0,527.856477020504,117.1,-110.756477020504,124.22
summer,2021-08-13 09:15:00+00:00,1,100,0,251.440975349906,0,443.148009091182,0,443.148009091182,0,559.534785745491,116.96,0.573223345690621,96.97
summer,2021-08-13 09:30:00+00:00,1,6.29601387779186,0,106.296013877792,0,182.407096357124,0,182.407096357124,0,588.94721573178,115.74,-290.800119374656,96.33
summer,2021-08-13 09:45:00+00:00,1,0,0,92.3012189342737,0,92.3012189342737,0,192.301218934274,0,615.743809460789,111.46,-311.982590526516,81.99
summer,2021-08-13 10:00:00+00:00,1,0,0,0,0,100,0,100,0,634.41582544424,108.73,-425.68582544424,105.51
summer,2021-08-13 10:15:00+00:00,1,0,0,0,0,99.9785916868165,0,99.9785916868165,0,656.301897834732,110.19,-446.133306147916,86.75
summer,2021-08-13 10:30:00+00:00,1,0,0,0,0,0,0,0,0,675.551006570971,111.16,-564.391006570971,89.6
summer,2021-08-13 10:45:00+00:00,1,0,0,0,0,0,0,100,0,692.216567737487,110.43,-481.786567737487,78.53
summer,2021-08-13 11:00:00+00:00,1,0,0,0,0,14.6697474504604,0,114.66974745046,0,700.873021563395,114.36,-471.843274112935,98.59
summer,2021-08-13 11:15:00+00:00,1,0,0,0,0,0,0,0,0,712.452069481183,112.59,-599.862069481183,88.19
summer,2021-08-13 11:30:00+00:00,1,0,0,13.450764878482,0,113.450764878482,0,113.450764878482,0,721.585636005241,113.87,-494.264871126759,80.83
summer,2021-08-13 11:45:00+00:00,1,0,0,0,0,200,0,200,0,728.156187782162,125.65,-402.506187782162,64.2
summer,2021-08-13 12:00:00+00:00,1,0,0,0,0,100,0,100,0,728.359624312409,135.18,-493.179624312409,91.1
summer,2021-08-13 12:15:00+00:00,1,0,0,0,0,64.1188186219096,0,64.1188186219096,0,730.05207073782,124.86,-541.073252115911,85.98
summer,2021-08-13 12:30:00+00:00,1,0,0,0,0,0,0,0,0,729.175720942665,127.24,-601.935720942665,73.71
summer,2021-08-13 12:45:00+00:00,1,0,0,118.32277550852,0,118.32277550852,0,118.32277550852,0,725.846278386667,122.4,-485.123502878147,54.01
summer,2021-08-13 13:00:00+00:00,1,90.5844406553205,0,90.5844406553205,0,92.7491973633931,0,92.7491973633931,0,717.221636627604,118.96,-505.512439264211,75.73
summer,2021-08-13 13:15:00+00:00,1,0,0,0,0,0,0,56.042613228184,0,708.958110741912,125.5,-527.415497513728,77.2
summer,2021-08-13 13:30:00+00:00,1,0,0,95.3843268099764,0,143.062510817378,0,243.062510817378,0,698.433565988289,125.18,-330.19105517091,72.65
summer,2021-08-13 13:45:00+00:00,1,0,0,0,0,84.0186464599045,0,184.018646459905,0,685.576517444267,123.08,-378.477870984363,74.33
summer,2021-08-13 14:00:00+00:00,1,0,0,0,0,0,0,100,0,666.986006698134,124.22,-442.766006698134,62.98
summer,2021-08-13 14:15:00+00:00,1,0,0,100,0,100,0,200,0,628.850734201604,122.57,-306.280734201604,74.87
summer,2021-08-13 14:30:00+00:00,1,0,0,3.94590548644899,0,3.94590548644899,0,203.945905486449,0,621.159492055531,124.07,-293.143586569082,75.49
summer,2021-08-13 14:45:00+00:00,1,0,0,0,0,200,0,400,0,586.244147809861,123.13,-63.1141478098606,82.66
summer,2021-08-13 15:00:00+00:00,1,0,0,4.93027826609099,0,237.011073394108,0,437.011073394108,0,573.778506101336,120.06,-16.7074327072274,52.68
summer,2021-08-13 15:15:00+00:00,1,0,0,112.820803445982,0,149.665708028648,0,366.849220033364,0,533.697200181016,116.79,-50.057980147652,69.86
summer,2021-08-13 15:30:00+00:00,1,0,0,0,0,200,0,400,0,517.887194049004,118.07,0.182805950995771,75.01
summer,2021-08-13 15:45:00+00:00,1,0,0,0,0,194.734566365312,0,394.734566365312,0,493.822475118431,115.99,16.9020912468815,87.5
summer,2021-08-13 16:00:00+00:00,1,0,0,0,0,98.0551227153249,0,198.055122715325,0,459.194596631902,117.94,-143.199473916577,59.05
summer,2021-08-13 16:15:00+00:00,1,0,0,141.927039765902,0,141.927039765902,0,241.927039765902,0,400.208266230568,120.34,-37.9412264646656,75.79
summer,2021-08-13 16:30:00+00:00,1,5.14376555202181,0,119.679100699563,0,119.679100699563,0,227.158431120102,0,352.096078107377,120.41,-4.52764698727566,93.08
summer,2021-08-13 16:45:00+00:00,1,0,0,100,0,100,0,200,0,313.268959873231,121.03,7.76104012676933,108.26
summer,2021-08-13 17:00:00+00:00,1,0,0,0,0,0,0,100,0,273.912989139773,133.04,-40.8729891397729,83.91
summer,2021-08-13 17:15:00+00:00,1,0,0,0,0,0,0,200,0,235.725171395955,179.93,144.204828604045,101.62
summer,2021-08-13 17:30:00+00:00,1,0,0,0,0,0,0,200,0,198.024872402015,179.45,181.425127597985,105.9
summer,2021-08-13 17:45:00+00:00,1,0,0,0,0,113.079754912175,0,313.079754912175,0,160.81524770725,166.44,318.704507204925,131.73
summer,2021-08-13 18:00:00+00:00,1,0,0,100,0,200,0,358.750454533022,0,122.516627221091,143.39,379.623827311931,100.8
summer,2021-08-13 18:15:00+00:00,1,0,0,157.513091835407,0,220.772584046959,0,320.772584046959,0,89.6356589165346,142.67,373.806925130424,114.6
summer,2021-08-13 18:30:00+00:00,1,0,0,100,0,100,0,200,0,61.8150835819844,126.8,264.984916418016,122.51
summer,2021-08-13 18:45:00+00:00,1,0,0,48.6786005705141,0,48.6786005705141,0,148.678600570514,0,29.9335796996208,110.75,229.495020870893,140.49
summer,2021-08-13 19:00:00+00:00,1,0,0,0,0,0,0,100,0,6.26368403614273,106.47,200.206315963857,130.02
summer,2021-08-13 19:15:00+00:00,1,0,0,0,0,0,0,100,0,0,100.59,200.59,112.21
summer,2021-08-13 19:30:00+00:00,1,0,0,0,0,0,0,200,0,0,97.78,297.78,117.78
summer,2021-08-13 19:45:00+00:00,1,0,0,0,0,0,0,200,0,0,95.34,295.34,111.19
summer,2021-08-13 20:00:00+00:00,1,0,0,0,0,0,0,300,0,0,92.21,392.21,140.06
summer,2021-08-13 20:15:00+00:00,1,0,0,0,0,0,0,300,0,0,89.37,389.37,116.15
summer,2021-08-13 20:30:00+00:00,1,0,0,0,0,0,0,300,0,0,87.15,387.15,108.36
summer,2021-08-13 20:45:00+00:00,1,0,0,0,0,0,0,300,0,0,82.22,382.22,101.53
summer,2021-08-13 21:00:00+00:00,1,0,0,0,0,0,0,300,0,0,88.98,388.98,128.47
summer,2021-08-13 21:15:00+00:00,1,0,0,75.1693074374095,0,75.1693074374095,0,375.16930743741,0,0,102.58,477.74930743741,107.92
summer,2021-08-13 21:30:00+00:00,1,0,0,0,0,100,0,400,0,0,80.84,480.84,95.89
summer,2021-08-13 21:45:00+00:00,1,0,0,0,0,3.0615283362616,0,303.061528336262,0,0,68.5,371.561528336262,86.92
summer,2021-08-13 22:00:00+00:00,1,0,0,0,0,0,0,300,0,0,66.32,366.32,106.99
summer,2021-08-13 22:15:00+00:00,1,0,0,0,0,0,0,300,0,0,61.12,361.12,95.52
summer,2021-08-13 22:30:00+00:00,1,0,0,0,0,0,0,259.593996328691,0,0,52.02,311.613996328691,91.08
summer,2021-08-13 22:45:00+00:00,1,0,0,0,0,0,0,200,0,0,44.16,244.16,84.96
summer,2021-08-13 23:00:00+00:00,1,0,0,0,0,0,0,200,0,0,60.22,260.22,81.17
summer,2021-08-13 23:15:00+00:00,1,0,0,0,0,0,0,200,0,0,47.48,247.48,80.84
summer,2021-08-13 23:30:00+00:00,1,0,0,0,0,0,0,200,0,0,34.4,234.4,73
summer,2021-08-13 23:45:00+00:00,1,0,0,0,0,0,0,200,0,0,31.46,231.46,69.91
winter,2021-01-14 00:00:00+00:00,2,0,0,0,0,0,0,0,0,0,93.46,93.46,52.28
winter,2021-01-14 00:15:00+00:00,2,0,0,0,0,0,0,0,0,0,91.66,91.66,41.4
winter,2021-01-14 00:30:00+00:00,2,0,0,53.5708457967174,0,53.5708457967174,0,553.570845796717,0,0,87.2,640.770845796717,23.31
winter,2021-01-14 00:45:00+00:00,2,0,0,100,0,104.477304188358,0,557.490845796718,0,0,83.28,640.770845796717,16.67
winter,2021-01-14 01:00:00+00:00,2,0,0,0,0,0,0,0,0,0,84.14,84.14,42.6
winter,2021-01-14 01:15:00+00:00,2,0,0,0,0,0,0,100,0,0,86.58,186.58,34.62
winter,2021-01-14 01:30:00+00:00,2,0,0,200,0,200,0,555.450845796717,0,0,85.32,640.770845796717,25.95
winter,2021-01-14 01:45:00+00:00,2,0,0,151.343796818787,0,151.343796818787,0,552.310845796718,0,0,88.46,640.770845796717,16.44
winter,2021-01-14 02:00:00+00:00,2,0,0,0,0,0,0,100,0,0,84.44,184.44,34.18
winter,2021-01-14 02:15:00+00:00,2,0,0,0,0,0,0,100,0,0,78.54,178.54,31.42
winter,2021-01-14 02:30:00+00:00,2,0,0,0,0,0,0,100,0,0,77.18,177.18,33.98
winter,2021-01-14 02:45:00+00:00,2,0,0,0,0,0,0,0,0,0,76.94,76.94,39.94
winter,2021-01-14 03:00:00+00:00,2,0,0,112.967060348955,0,153.336409498773,0,566.210845796718,0,0,74.56,640.770845796718,23.16
winter,2021-01-14 03:15:00+00:00,2,0,0,100,0,232.280966226085,0,569.110845796718,0,0,71.66,640.770845796717,24.87
winter,2021-01-14 03:30:00+00:00,2,0,0,0,0,0,0,0,0,0,71.5,71.5,41.44
winter,2021-01-14 03:45:00+00:00,2,0,0,0,0,0,0,0,0,0,67.42,67.42,52.55
winter,2021-01-14 04:00:00+00:00,2,0,0,0,0,0,0,100,0,0,67.28,167.28,27.4
winter,2021-01-14 04:15:00+00:00,2,0,0,0,0,0,0,100,0,0,65.94,165.94,36.5
winter,2021-01-14 04:30:00+00:00,2,0,0,0,0,0,0,0,0,0,61.3,61.3,40.38
winter,2021-01-14 04:45:00+00:00,2,0,0,100,0,108.105515977307,0,578.670845796717,0,0,62.1,640.770845796717,24.5
winter,2021-01-14 05:00:00+00:00,2,0,0,0,0,0,0,100,0,0,71.02,171.02,27.38
winter,2021-01-14 05:15:00+00:00,2,0,0,0,0,0,0,59.5939963286912,0,0,71.36,130.953996328691,36.46
winter,2021-01-14 05:30:00+00:00,2,0,0,0,0,0,0,0,0,0,72.8,72.8,49.01
winter,2021-01-14 05:45:00+00:00,2,0,0,0,0,0,0,0,0,0,81.08,81.08,65.15
winter,2021-01-14 06:00:00+00:00,2,0,0,146.599903663389,0,146.599903663374,0,548.990845796718,0,0,91.78,640.770845796717,-0.08
winter,2021-01-14 06:15:00+00:00,2,0,0,100,0,100,0,100,0,0,90.12,190.12,41.59
winter,2021-01-14 06:30:00+00:00,2,0,0,27.9382832360598,0,27.9382832360598,0,27.9382832360598,0,0,81.86,109.79828323606,70.96
winter,2021-01-14 06:45:00+00:00,2,0,0,0,0,0,0,0,0,0,90.68,90.68,77.53
winter,2021-01-14 07:00:00+00:00,2,0,0,100,0,104.606215990936,0,147.762180212873,0,0,121.58,269.342180212873,46.33
winter,2021-01-14 07:15:00+00:00,2,0,0,0,0,100,0,100,0,0,130.04,230.04,75.28
winter,2021-01-14 07:30:00+00:00,2,0,0,0,0,87.036333513914,0,87.036333513914,0,0,133.02,220.056333513914,75.25
winter,2021-01-14 07:45:00+00:00,2,0,0,0,0,0,0,99.9856916367557,0,0,131.4,231.385691636756,122.74
winter,2021-01-14 08:00:00+00:00,2,0,0,0,0,100,0,200,0,0,136.04,336.04,58.14
winter,2021-01-14 08:15:00+00:00,2,0,0,0,0,0,0,100,0,0,141.58,241.58,73.95
winter,2021-01-14 08:30:00+00:00,2,0,0,100,0,100,0,200,0,0.128274091718144,143.66,343.531725908282,92.81
winter,2021-01-14 08:45:00+00:00,2,0,0,100,0,100,0,200,0,8.36062737824837,149.98,341.619372621752,109.16
winter,2021-01-14 09:00:00+00:00,2,0,0,0,0,0,0,100,0,44.363077116397,150.98,206.616922883603,61.09
winter,2021-01-14 09:15:00+00:00,2,0,0,0,0,0,0,100,0,79.3263050831875,151.77,172.443694916812,74.32
winter,2021-01-14 09:30:00+00:00,2,0,0,0,0,0,0,0,0,106.264944554294,140.92,34.6550554457061,89.57
winter,2021-01-14 09:45:00+00:00,2,0,0,0,0,0,0,100,0,133.364252865676,142.02,108.655747134323,104.22
winter,2021-01-14 10:00:00+00:00,2,0,0,0,0,0,0,100,0,141.879881065158,151.66,109.780118934842,77.88
winter,2021-01-14 10:15:00+00:00,2,0,0,0,0,0,0,99.9999999999999,0,155.594152393336,149.12,93.5258476066642,86.74
winter,2021-01-14 10:30:00+00:00,2,0,0,100,0,100,0,200,0,106.191366393012,143.93,237.738633606988,75.25
winter,2021-01-14 10:45:00+00:00,2,0,0,18.0616999182974,0,18.0616999182974,0,118.059797954239,0,171.872947981785,137.81,83.996849972454,100
winter,2021-01-14 11:00:00+00:00,2,0,0,100,0,300,0,400,0,241.785548494093,134.44,292.654451505907,75.26
winter,2021-01-14 11:15:00+00:00,2,44.7328454466479,0,144.732845446648,0,144.732845446648,0,444.724363085796,0,244.697947345617,135.92,335.946415740179,88.11
winter,2021-01-14 11:30:00+00:00,2,100,0,100,0,100,0,200,0,237.243915764221,133.68,96.436084235779,84.6
winter,2021-01-14 11:45:00+00:00,2,0,0,0,0,0,0,99.9678583062062,0,225.514695917179,132.41,6.86316238902674,92.3
winter,2021-01-14 12:00:00+00:00,2,100,0,100,0,100,0,300,0,220.479991869165,137.67,217.190008130835,83.51
winter,2021-01-14 12:15:00+00:00,2,100,0,200,0,330.445966708401,0,530.445966708401,0,236.601436821399,140.45,434.294529887002,78.59
winter,2021-01-14 12:30:00+00:00,2,100,0,197.311175439073,0,365.169164857646,0,657.425268369071,0,260.3950384421,140.58,537.610229926971,78.98
winter,2021-01-14 12:45:00+00:00,2,100,0,208.966259319145,0,308.966259319145,0,508.966259319145,0,267.11365792993,138.52,380.372601389215,78.64
winter,2021-01-14 13:00:00+00:00,2,45.4982565771809,0,45.4982565771809,0,145.498256577181,0,145.498256577181,0,284.198256577181,138.7,0,100.25
winter,2021-01-14 13:15:00+00:00,2,100,0,200,0,265.154936570851,0,365.154936570851,0,281.748770209503,144.16,227.566166361348,78.26
winter,2021-01-14 13:30:00+00:00,2,100,0,100,0,100,0,200,0,235.777668937397,137.2,101.422331062603,78.4
winter,2021-01-14 13:45:00+00:00,2,0,0,231.770832926493,0,280.178945460004,0,480.178945460004,0,200.701068361952,141.93,421.407877098052,75.2
winter,2021-01-14 14:00:00+00:00,2,20.4629041504696,0,20.4629041504696,0,20.4629041504696,0,120.46290415047,0,164.371722830189,143.84,99.9311813202809,82.34
winter,2021-01-14 14:15:00+00:00,2,0,0,0,0,45.5366472090584,0,245.520901222166,0,119.473916697593,148.33,274.376984524573,79.37
winter,2021-01-14 14:30:00+00:00,2,0,0,59.3044536367217,0,159.304453636722,0,359.304453636722,0,73.9834673332872,145.58,430.900986303435,78.94
winter,2021-01-14 14:45:00+00:00,2,0,0,100,0,200,0,400,0,38.8216355661726,148.56,509.738364433827,78.67
winter,2021-01-14 15:00:00+00:00,2,0,0,0,0,52.2510668809165,0,252.251066880917,0,62.5434988482487,146.44,336.147568032668,78.91
winter,2021-01-14 15:15:00+00:00,2,0,0,99.9598750614195,0,199.95987506142,0,399.95987506142,0,63.542390666504,141.85,478.267484394916,83.11
winter,2021-01-14 15:30:00+00:00,2,0,0,0,0,14.1230393800844,0,214.092167907792,0,16.4281443440315,146.79,344.454023563761,86.4
winter,2021-01-14 15:45:00+00:00,2,0,0,100,0,200,0,400,0,9.89532898815265,148.17,538.274671011847,75.28
winter,2021-01-14 16:00:00+00:00,2,0,0,128.807757132093,0,128.807757132093,0,228.807757132093,0,4.25155929547817,144.74,369.296197836615,68.48
winter,2021-01-14 16:15:00+00:00,2,0,0,100,0,100,0,100,0,0,150.16,250.16,75.27
winter,2021-01-14 16:30:00+00:00,2,0,0,0,0,0,0,0,0,0,149.02,149.02,90.12
winter,2021-01-14 16:45:00+00:00,2,0,0,0,0,0,0,0,0,0,150.23,150.23,107.73
winter,2021-01-14 17:00:00+00:00,2,0,0,100,0,100,0,100,0,0,167.1,267.1,75.28
winter,2021-01-14 17:15:00+00:00,2,0,0,0,0,0,0,0,0,0,211.78,211.78,103.01
winter,2021-01-14 17:30:00+00:00,2,0,0,0,0,0,0,0,0,0,180.3,180.3,125.46
winter,2021-01-14 17:45:00+00:00,2,0,0,0,0,0,0,0,0,0,181.22,181.22,103.8
winter,2021-01-14 18:00:00+00:00,2,0,0,0,0,0,0,0,0,0,172.16,172.16,102.79
winter,2021-01-14 18:15:00+00:00,2,0,0,0,0,0,0,0,0,0,166.64,166.64,78.62
winter,2021-01-14 18:30:00+00:00,2,0,0,19.4143134330702,0,19.4143134330702,0,19.4143134330702,0,0,158.48,177.89431343307,105.14
winter,2021-01-14 18:45:00+00:00,2,0,0,0,0,0,0,0,0,0,152.08,152.08,75.26
winter,2021-01-14 19:00:00+00:00,2,0,0,0,0,0,0,0,0,0,148.56,148.56,128.36
winter,2021-01-14 19:15:00+00:00,2,0,0,0,0,0,0,0,0,0,139.06,139.06,87.6
winter,2021-01-14 19:30:00+00:00,2,0,0,0,0,0,0,0,0,0,132.48,132.48,80.04
winter,2021-01-14 19:45:00+00:00,2,0,0,0,0,0,0,0,0,0,120.08,120.08,61.06
winter,2021-01-14 20:00:00+00:00,2,0,0,0,0,0,0,0,0,0,116.04,116.04,118.29
winter,2021-01-14 20:15:00+00:00,2,0,0,0,0,0,0,0,0,0,113.18,113.18,75.16
winter,2021-01-14 20:30:00+00:00,2,0,0,0,0,0,0,0,0,0,98.78,98.78,61.96
winter,2021-01-14 20:45:00+00:00,2,0,0,0,0,0,0,0,0,0,94.16,94.16,56.14
winter,2021-01-14 21:00:00+00:00,2,0,0,0,0,0,0,0,0,0,93.06,93.06,75.17
winter,2021-01-14 21:15:00+00:00,2,0,0,0,0,0,0,0,0,0,92.26,92.26,75.14
winter,2021-01-14 21:30:00+00:00,2,0,0,0,0,0,0,0,0,0,92.72,92.72,61.95
winter,2021-01-14 21:45:00+00:00,2,0,0,0,0,0,0,200,0,0,93.66,293.66,46.54
winter,2021-01-14 22:00:00+00:00,2,0,0,0,0,0,0,0,0,0,93.98,93.98,75.14
winter,2021-01-14 22:15:00+00:00,2,0,0,0,0,0,0,0,0,0,103.34,103.34,70.99
winter,2021-01-14 22:30:00+00:00,2,0,0,0,0,0,0,0,0,0,90.44,90.44,59.61
winter,2021-01-14 22:45:00+00:00,2,0,0,0,0,0,0,59.5939963286912,0,0,75.66,135.253996328691,53.91
winter,2021-01-14 23:00:00+00:00,2,0,0,0,0,0,0,0,0,0,81.2,81.2,75.8
winter,2021-01-14 23:15:00+00:00,2,0,0,0,0,0,0,0,0,0,83.9,83.9,70.96
winter,2021-01-14 23:30:00+00:00,2,0,0,0,0,0,0,0,0,0,89.1,89.1,56.98
winter,2021-01-14 23:45:00+00:00,2,0,0,214.652379627613,0,251.030845796717,0,551.030845796717,0,0,89.74,640.770845796717,40.61
summer,2021-08-13 00:00:00+00:00,2,0,0,0,0,0,0,100,0,0,32,132,96.69
summer,2021-08-13 00:15:00+00:00,2,0,0,0,0,0,0,100,0,0,30.66,130.66,88.11
summer,2021-08-13 00:30:00+00:00,2,0,0,0,0,0,0,100,0,0,28.96,128.96,87.91
summer,2021-08-13 00:45:00+00:00,2,0,0,0,0,0,0,100,0,0,29.68,129.68,79.02
summer,2021-08-13 01:00:00+00:00,2,0,0,0,0,0,0,100,0,0,30.42,130.42,87.93
summer,2021-08-13 01:15:00+00:00,2,0,0,0,0,0,0,100,0,0,28.94,128.94,87.16
summer,2021-08-13 01:30:00+00:00,2,0,0,0,0,0,0,100,0,0,26.02,126.02,85.19
summer,2021-08-13 01:45:00+00:00,2,0,0,0,0,0,0,100,0,0,39,139,82.88
summer,2021-08-13 02:00:00+00:00,2,0,0,0,0,0,0,100,0,0,41.58,141.58,83.9
summer,2021-08-13 02:15:00+00:00,2,0,0,0,0,0,0,100,0,0,19.76,119.76,85.55
summer,2021-08-13 02:30:00+00:00,2,0,0,0,0,0,0,100,0,0,20.8,120.8,84.01
summer,2021-08-13 02:45:00+00:00,2,0,0,0,0,0,0,100,0,0,20.12,120.12,82.54
summer,2021-08-13 03:00:00+00:00,2,0,0,0,0,0,0,100,0,0,21.04,121.04,72.04
summer,2021-08-13 03:15:00+00:00,2,0,0,0,0,0,0,100,0,0,21.62,121.62,80.07
summer,2021-08-13 03:30:00+00:00,2,0,0,0,0,0,0,100,0,0,21.24,121.24,90.59
summer,2021-08-13 03:45:00+00:00,2,0,0,0,0,0,0,95.7924476356956,0,0,19.94,115.732447635696,96.56
summer,2021-08-13 04:00:00+00:00,2,0,0,0,0,0,0,100,0,0,18,118,70.21
summer,2021-08-13 04:15:00+00:00,2,0,0,0,0,0,0,100,0,0,18.34,118.34,82.47
summer,2021-08-13 04:30:00+00:00,2,0,0,0,0,0,0,100,0,0,18.16,118.16,92.66
summer,2021-08-13 04:45:00+00:00,2,0,0,0,0,0,0,0,0,0,20.06,20.06,108.23
summer,2021-08-13 05:00:00+00:00,2,0,0,0,0,0,0,0,0,0,23.98,23.98,86.62
summer,2021-08-13 05:15:00+00:00,2,0,0,0,0,0,0,0,0,0,21.02,21.02,108.33
summer,2021-08-13 05:30:00+00:00,2,0,0,0,0,0,0,0,0,1.13357872836143,22.18,21.0464212716386,136.09
summer,2021-08-13 05:45:00+00:00,2,0,0,0,0,0,0,0,0,24.4768331734152,21.54,-2.9368331734152,134.97
summer,2021-08-13 06:00:00+00:00,2,0,0,0,0,0,0,0,0,66.8503556862777,43.3,-23.5503556862777,130.62
summer,2021-08-13 06:15:00+00:00,2,0,0,0,0,0,0,0,0,99.7865552282401,40.78,-59.0065552282401,135.16
summer,2021-08-13 06:30:00+00:00,2,0,0,0,0,0,0,0,0,137.213014453145,39.28,-97.9330144531453,120.75
summer,2021-08-13 06:45:00+00:00,2,0,0,0,0,3.14750386823574,0,3.14750386823574,0,179.854613443938,78.3,-98.407109575702,108.91
summer,2021-08-13 07:00:00+00:00,2,0,0,0,0,0,0,0,0,219.868991229652,119.85,-100.018991229652,158.42
summer,2021-08-13 07:15:00+00:00,2,0,0,0,0,0,0,0,0,261.828525329843,101.21,-160.618525329843,141.84
summer,2021-08-13 07:30:00+00:00,2,0,0,0,0,0,0,0,0,304.864653986679,104.86,-200.004653986679,108.39
summer,2021-08-13 07:45:00+00:00,2,0,0,0,0,46.5147992019307,0,46.5147992019307,0,348.22559845521,109.37,-192.340799253279,92.63
summer,2021-08-13 08:00:00+00:00,2,0,0,0,0,0,0,0,0,386.110918396789,107.6,-278.510918396789,138.02
summer,2021-08-13 08:15:00+00:00,2,0,0,0,0,0,0,0,0,424.354950455084,106.94,-317.414950455084,107.65
summer,2021-08-13 08:30:00+00:00,2,0,0,0,0,0,0,0,0,461.387472636935,113.2,-348.187472636935,108.33
summer,2021-08-13 08:45:00+00:00,2,0,0,200,0,200,0,200,0,497.290066288204,110.6,-186.690066288204,90.41
summer,2021-08-13 09:00:00+00:00,2,0,0,0,0,0,0,0,0,527.856477020504,117.1,-410.756477020504,124.22
summer,2021-08-13 09:15:00+00:00,2,0,0,151.440975349906,0,151.440975349906,0,151.440975349906,0,559.534785745491,116.96,-291.133810395586,96.97
summer,2021-08-13 09:30:00+00:00,2,0,0,200,0,200,0,200,0,588.94721573178,115.74,-273.20721573178,96.33
summer,2021-08-13 09:45:00+00:00,2,0,0,200,0,226.898147404689,0,326.898147404689,0,615.743809460789,111.46,-177.3856620561,81.99
summer,2021-08-13 10:00:00+00:00,2,0,0,92.3012189342737,0,92.3012189342737,0,92.3012189342737,0,634.41582544424,108.73,-433.384606509967,105.51
summer,2021-08-13 10:15:00+00:00,2,0,0,0,0,99.9785916868165,0,99.9785916868165,0,656.301897834732,110.19,-446.133306147916,86.75
summer,2021-08-13 10:30:00+00:00,2,0,0,0,0,0,0,0,0,675.551006570971,111.16,-564.391006570971,89.6
summer,2021-08-13 10:45:00+00:00,2,100,0,100,0,276.111082479332,0,376.111082479332,0,692.216567737487,110.43,-205.675485258154,78.53
summer,2021-08-13 11:00:00+00:00,2,0,0,0,0,0,0,100,0,700.873021563395,114.36,-486.513021563395,98.59
summer,2021-08-13 11:15:00+00:00,2,0,0,0,0,0,0,0,0,712.452069481183,112.59,-599.862069481183,88.19
summer,2021-08-13 11:30:00+00:00,2,6.29601387779193,0,6.29601387779193,0,106.296013877792,0,106.296013877792,0,721.585636005241,113.87,-501.419622127449,80.83
summer,2021-08-13 11:45:00+00:00,2,100,0,196.624156201011,0,588.331189942288,0,601.805427980255,0,728.156187782162,125.65,-0.70075980190758,64.2
summer,2021-08-13 12:00:00+00:00,2,0,0,0,0,64.1188186219097,0,64.1188186219097,0,728.359624312409,135.18,-529.060805690499,91.1
summer,2021-08-13 12:15:00+00:00,2,0,0,0,0,100,0,100,0,730.05207073782,124.86,-505.19207073782,85.98
summer,2021-08-13 12:30:00+00:00,2,0,0,0,0,0,0,0,0,729.175720942665,127.24,-601.935720942665,73.71
summer,2021-08-13 12:45:00+00:00,2,0,0,218.32277550852,0,232.992522958981,0,232.992522958981,0,725.846278386667,122.4,-370.453755427686,54.01
summer,2021-08-13 13:00:00+00:00,2,0,0,0,0,0,0,0,0,717.221636627604,118.96,-598.261636627604,75.73
summer,2021-08-13 13:15:00+00:00,2,0,0,0,0,0,0,0,0,708.958110741912,125.5,-583.458110741912,77.2
summer,2021-08-13 13:30:00+00:00,2,0,0,95.3843268099764,0,97.549083518049,0,197.549083518049,0,698.433565988289,125.18,-375.70448247024,72.65
summer,2021-08-13 13:45:00+00:00,2,0,0,0,0,84.0186464599045,0,184.018646459905,0,685.576517444267,123.08,-378.477870984363,74.33
summer,2021-08-13 14:00:00+00:00,2,0,0,0,0,47.678184007402,0,203.720797235586,0,666.986006698134,124.22,-339.045209462548,62.98
summer,2021-08-13 14:15:00+00:00,2,0,0,99.9614326132587,0,99.9614326132587,0,199.961432613259,0,628.850734201604,122.57,-306.319301588346,74.87
summer,2021-08-13 14:30:00+00:00,2,0,0,0,0,0,0,100,0,621.159492055531,124.07,-397.089492055531,75.49
summer,2021-08-13 14:45:00+00:00,2,0,0,0,0,99.9674471864219,0,199.967447186422,0,586.244147809861,123.13,-263.146700623439,82.66
summer,2021-08-13 15:00:00+00:00,2,90.5844406553205,0,99.4991917946018,0,299.499191794602,0,399.499191794602,0,573.778506101336,120.06,-54.2193143067338,52.68
summer,2021-08-13 15:15:00+00:00,2,0,0,97.2430513249773,0,109.291864908567,0,209.291864908567,0,533.697200181016,116.79,-207.61533527245,69.86
summer,2021-08-13 15:30:00+00:00,2,0,0,0,0,0,0,100,0,517.887194049004,118.07,-299.817194049004,75.01
summer,2021-08-13 15:45:00+00:00,2,0,0,0,0,0,0,100,0,493.822475118431,115.99,-277.832475118431,87.5
summer,2021-08-13 16:00:00+00:00,2,0,0,15.5777521210045,0,124.330523188748,0,141.514035193464,0,459.194596631902,117.94,-199.740561438438,59.05
summer,2021-08-13 16:15:00+00:00,2,0,0,100,0,100,0,100,0,400.208266230568,120.34,-179.868266230568,75.79
summer,2021-08-13 16:30:00+00:00,2,0,0,100,0,100,0,100,0,352.096078107377,120.41,-131.686078107377,93.08
summer,2021-08-13 16:45:00+00:00,2,0,0,99.9839095352409,0,99.9839095352409,0,99.9839095352409,0,313.268959873231,121.03,-92.2550503379898,108.26
summer,2021-08-13 17:00:00+00:00,2,5.14376555202181,0,5.14376555202181,0,5.14376555202181,0,5.14376555202181,0,273.912989139773,133.04,-135.729223587751,83.91
summer,2021-08-13 17:15:00+00:00,2,0,0,0,0,0,0,0,0,235.725171395955,179.93,-55.7951713959546,101.62
summer,2021-08-13 17:30:00+00:00,2,0,0,0,0,0,0,0,0,198.024872402015,179.45,-18.5748724020154,105.9
summer,2021-08-13 17:45:00+00:00,2,0,0,0,0,0,0,0,0,160.81524770725,166.44,5.62475229274978,131.73
summer,2021-08-13 18:00:00+00:00,2,0,0,0,0,0,0,0,0,122.516627221091,143.39,20.873372778909,100.8
summer,2021-08-13 18:15:00+00:00,2,0,0,0,0,0,0,0,0,89.6356589165346,142.67,53.0343410834654,114.6
summer,2021-08-13 18:30:00+00:00,2,0,0,0,0,0,0,0,0,61.8150835819844,126.8,64.9849164180156,122.51
summer,2021-08-13 18:45:00+00:00,2,0,0,0,0,0,0,0,0,29.9335796996208,110.75,80.8164203003792,140.49
summer,2021-08-13 19:00:00+00:00,2,0,0,0,0,0,0,0,0,6.26368403614273,106.47,100.206315963857,130.02
summer,2021-08-13 19:15:00+00:00,2,0,0,0,0,0,0,0,0,0,100.59,100.59,112.21
summer,2021-08-13 19:30:00+00:00,2,0,0,0,0,0,0,0,0,0,97.78,97.78,117.78
summer,2021-08-13 19:45:00+00:00,2,0,0,0,0,0,0,0,0,0,95.34,95.34,111.19
summer,2021-08-13 20:00:00+00:00,2,0,0,0,0,0,0,0,0,0,92.21,92.21,140.06
summer,2021-08-13 20:15:00+00:00,2,0,0,0,0,0,0,0,0,0,89.37,89.37,116.15
summer,2021-08-13 20:30:00+00:00,2,0,0,0,0,0,0,0,0,0,87.15,87.15,108.36
summer,2021-08-13 20:45:00+00:00,2,0,0,0,0,0,0,0,0,0,82.22,82.22,101.53
summer,2021-08-13 21:00:00+00:00,2,0,0,0,0,0,0,0,0,0,88.98,88.98,128.47
summer,2021-08-13 21:15:00+00:00,2,0,0,0,0,0,0,0,0,0,102.58,102.58,107.92
summer,2021-08-13 21:30:00+00:00,2,0,0,0,0,0,0,0,0,0,80.84,80.84,95.89
summer,2021-08-13 21:45:00+00:00,2,0,0,0,0,0,0,0,0,0,68.5,68.5,86.92
summer,2021-08-13 22:00:00+00:00,2,0,0,0,0,0,0,0,0,0,66.32,66.32,106.99
summer,2021-08-13 22:15:00+00:00,2,0,0,0,0,0,0,0,0,0,61.12,61.12,95.52
summer,2021-08-13 22:30:00+00:00,2,0,0,0,0,0,0,0,0,0,52.02,52.02,91.08
summer,2021-08-13 22:45:00+00:00,2,0,0,0,0,0,0,0,0,0,44.16,44.16,84.96
summer,2021-08-13 23:00:00+00:00,2,0,0,0,0,0,0,0,0,0,60.22,60.22,81.17
summer,2021-08-13 23:15:00+00:00,2,0,0,0,0,0,0,0,0,0,47.48,47.48,80.84
summer,2021-08-13 23:30:00+00:00,2,0,0,0,0,0,0,0,0,0,34.4,34.4,73
summer,2021-08-13 23:45:00+00:00,2,0,0,0,0,0,0,0,0,0,31.46,31.46,69.91
winter,2021-01-14 00:00:00+00:00,3,0,0,0,0,0,0,0,0,0,93.46,93.46,52.28
winter,2021-01-14 00:15:00+00:00,3,0,0,0,0,0,0,0,0,0,91.66,91.66,41.4
winter,2021-01-14 00:30:00+00:00,3,0,0,81.009992659351,0,81.009992659351,0,381.009992659351,0,0,87.2,468.209992659351,23.31
winter,2021-01-14 00:45:00+00:00,3,0,0,100,0,100,0,384.929992659351,0,0,83.28,468.209992659351,16.67
winter,2021-01-14 01:00:00+00:00,3,0,0,0,0,0,0,0,0,0,84.14,84.14,42.6
winter,2021-01-14 01:15:00+00:00,3,0,0,0,0,0,0,100,0,0,86.58,186.58,34.62
winter,2021-01-14 01:30:00+00:00,3,0,0,82.889992659351,0,82.889992659351,0,382.889992659351,0,0,85.32,468.209992659351,25.95
winter,2021-01-14 01:45:00+00:00,3,0,0,79.749992659351,0,79.749992659351,0,379.749992659351,0,0,88.46,468.209992659351,16.44
winter,2021-01-14 02:00:00+00:00,3,0,0,0,0,0,0,100,0,0,84.44,184.44,34.18
winter,2021-01-14 02:15:00+00:00,3,0,0,59.4962807961261,0,59.4962807961261,0,389.669992659351,0,0,78.54,468.209992659351,31.42
winter,2021-01-14 02:30:00+00:00,3,0,0,0,0,0,0,100,0,0,77.18,177.18,33.98
winter,2021-01-14 02:45:00+00:00,3,0,0,0,0,0,0,0,0,0,76.94,76.94,39.94
winter,2021-01-14 03:00:00+00:00,3,0,0,93.649992659351,0,93.649992659351,0,393.649992659351,0,0,74.56,468.209992659351,23.16
winter,2021-01-14 03:15:00+00:00,3,0,0,96.549992659351,0,96.549992659351,0,396.549992659351,0,0,71.66,468.209992659351,24.87
winter,2021-01-14 03:30:00+00:00,3,0,0,0,0,0,0,0,0,0,71.5,71.5,41.44
winter,2021-01-14 03:45:00+00:00,3,0,0,0,0,0,0,0,0,0,67.42,67.42,52.55
winter,2021-01-14 04:00:00+00:00,3,0,0,44.1483838749585,0,100.929992659351,0,400.929992659351,0,0,67.28,468.209992659351,27.4
winter,2021-01-14 04:15:00+00:00,3,0,0,0,0,0,0,100,0,0,65.94,165.94,36.5
winter,2021-01-14 04:30:00+00:00,3,0,0,0,0,0,0,0,0,0,61.3,61.3,40.38
winter,2021-01-14 04:45:00+00:00,3,0,0,133.57149777036,0,206.109992659351,0,406.109992659351,0,0,62.1,468.209992659351,24.5
winter,2021-01-14 05:00:00+00:00,3,0,0,97.189992659351,0,97.189992659351,0,397.189992659351,0,0,71.02,468.209992659351,27.38
winter,2021-01-14 05:15:00+00:00,3,0,0,0,0,0,0,59.5939963286912,0,0,71.36,130.953996328691,36.46
winter,2021-01-14 05:30:00+00:00,3,0,0,0,0,0,0,0,0,0,72.8,72.8,49.01
winter,2021-01-14 05:45:00+00:00,3,0,0,0,0,0,0,0,0,0,81.08,81.08,65.15
winter,2021-01-14 06:00:00+00:00,3,0,0,46.5999036633888,0,76.429992659351,0,376.429992659351,0,0,91.78,468.209992659351,-0.08
winter,2021-01-14 06:15:00+00:00,3,0,0,100,0,100,0,100,0,0,90.12,190.12,41.59
winter,2021-01-14 06:30:00+00:00,3,0,0,27.9382832360596,0,27.9382832360596,0,27.9382832360596,0,0,81.86,109.79828323606,70.96
winter,2021-01-14 06:45:00+00:00,3,0,0,0,0,0,0,0,0,0,90.68,90.68,77.53
winter,2021-01-14 07:00:00+00:00,3,0,0,100,0,104.606215990936,0,147.762180212873,0,0,121.58,269.342180212873,46.33
winter,2021-01-14 07:15:00+00:00,3,0,0,0,0,100,0,100,0,0,130.04,230.04,75.28
winter,2021-01-14 07:30:00+00:00,3,0,0,0,0,87.0363335139138,0,87.0363335139138,0,0,133.02,220.056333513914,75.25
winter,2021-01-14 07:45:00+00:00,3,0,0,0,100,0,231.400000000005,100.000000000005,231.400000000005,0,131.4,0,122.74
winter,2021-01-14 08:00:00+00:00,3,0,0,0,0,100,0,200,0,0,136.04,336.04,58.14
winter,2021-01-14 08:15:00+00:00,3,0,0,0,0,0,0,100,0,0,141.58,241.58,73.95
winter,2021-01-14 08:30:00+00:00,3,0,0,100,0,100,0,200,0,0.128274091718144,143.66,343.531725908282,92.81
winter,2021-01-14 08:45:00+00:00,3,0,0,100,100,100,341.605064258503,199.985691636751,341.605064258503,8.36062737824837,149.98,0,109.16
winter,2021-01-14 09:00:00+00:00,3,0,0,0,0,0,0,100,0,44.363077116397,150.98,206.616922883603,61.09
winter,2021-01-14 09:15:00+00:00,3,0,0,0,0,0,0,100,0,79.3263050831875,151.77,172.443694916812,74.32
winter,2021-01-14 09:30:00+00:00,3,0,0,0,0,0,0,0,0,106.264944554294,140.92,34.6550554457061,89.57
winter,2021-01-14 09:45:00+00:00,3,0,0,0,8.65574713432349,0,108.655747134323,100,108.655747134323,133.364252865676,142.02,0,104.22
winter,2021-01-14 10:00:00+00:00,3,0,0,0,0,0,0,100,0,141.879881065158,151.66,109.780118934842,77.88
winter,2021-01-14 10:15:00+00:00,3,0,0,0,0,0,0,100,0,155.594152393336,149.12,93.5258476066643,86.74
winter,2021-01-14 10:30:00+00:00,3,0,0,100,0,100,0,200,0,106.191366393012,143.93,237.738633606988,75.25
winter,2021-01-14 10:45:00+00:00,3,0,0,18.0616999182959,0,18.0616999182959,83.9968499724526,118.059797954238,83.9968499724526,171.872947981785,137.81,0,100
winter,2021-01-14 11:00:00+00:00,3,0,0,100,0,300,0,400,0,241.785548494093,134.44,292.654451505907,75.26
winter,2021-01-14 11:15:00+00:00,3,46.2563062589724,0,146.256306258974,0,146.256306258974,0,446.247823898121,0,244.697947345617,135.92,337.469876552504,88.11
winter,2021-01-14 11:30:00+00:00,3,100,0,100,0,100,0,200,0,237.243915764221,133.68,96.436084235779,84.6
winter,2021-01-14 11:45:00+00:00,3,0,0,0,0,0,0,99.9678583062062,0,225.514695917179,132.41,6.86316238902674,92.3
winter,2021-01-14 12:00:00+00:00,3,100,0,100,0,167.857989418573,0,367.857989418573,0,220.479991869165,137.67,285.047997549408,83.51
winter,2021-01-14 12:15:00+00:00,3,100,0,200,0,330.445966708401,0,530.445966708401,0,236.601436821399,140.45,434.294529887002,78.59
winter,2021-01-14 12:30:00+00:00,3,98.4765391876749,0,195.787714626747,0,295.787714626748,0,588.025031101451,0,260.3950384421,140.58,468.209992659351,78.98
winter,2021-01-14 12:45:00+00:00,3,100,0,208.966259319145,0,308.966259319145,0,508.966259319145,0,267.11365792993,138.52,380.372601389215,78.64
winter,2021-01-14 13:00:00+00:00,3,45.4982565771809,0,45.4982565771809,0,145.498256577181,0,145.498256577181,0,284.198256577181,138.7,0,100.25
winter,2021-01-14 13:15:00+00:00,3,100,0,200,0,265.154936570851,0,365.154936570851,0,281.748770209503,144.16,227.566166361348,78.26
winter,2021-01-14 13:30:00+00:00,3,100.000000000001,0,100.000000000001,0,100.000000000001,0,200.000000000001,0,235.777668937397,137.2,101.422331062604,78.4
winter,2021-01-14 13:45:00+00:00,3,0,0,231.770832926494,0,280.178945460004,0,480.178945460005,0,200.701068361952,141.93,421.407877098053,75.2
winter,2021-01-14 14:00:00+00:00,3,20.4629041504696,0,20.4629041504696,0,20.4629041504696,0,120.46290415047,0,164.371722830189,143.84,99.9311813202809,82.34
winter,2021-01-14 14:15:00+00:00,3,0,0,0,0,45.5366472090584,0,245.520901222166,0,119.473916697593,148.33,274.376984524573,79.37
winter,2021-01-14 14:30:00+00:00,3,0,0,100,0,196.613459992638,0,396.613459992638,0,73.9834673332872,145.58,468.209992659351,78.94
winter,2021-01-14 14:45:00+00:00,3,0,0,58.4716282255235,0,158.471628225524,0,358.471628225524,0,38.8216355661726,148.56,468.209992659351,78.67
winter,2021-01-14 15:00:00+00:00,3,0,0,70.8975037636941,0,126.535110651972,0,326.535110651972,0,62.5434988482487,146.44,410.431611803724,78.91
winter,2021-01-14 15:15:00+00:00,3,0,0,99.9598750614191,0,189.902383325855,0,389.902383325855,0,63.542390666504,141.85,468.209992659351,83.11
winter,2021-01-14 15:30:00+00:00,3,0,0,0,0,24.1805311156485,0,224.168446680079,0,16.4281443440315,146.79,354.530302336047,86.4
winter,2021-01-14 15:45:00+00:00,3,0,0,29.9353216475036,0,129.935321647504,0,329.935321647504,0,9.89532898815265,148.17,468.209992659351,75.28
winter,2021-01-14 16:00:00+00:00,3,0,0,128.807757132093,0,128.807757132093,0,228.807757132093,0,4.25155929547817,144.74,369.296197836615,68.48
winter,2021-01-14 16:15:00+00:00,3,0,0,100,0,100,0,100,0,0,150.16,250.16,75.27
winter,2021-01-14 16:30:00+00:00,3,0,0,0,0,0,0,0,0,0,149.02,149.02,90.12
winter,2021-01-14 16:45:00+00:00,3,0,0,0,0,0,150.23,0,150.23,0,150.23,0,107.73
winter,2021-01-14 17:00:00+00:00,3,0,0,100,0,100,0,100,0,0,167.1,267.1,75.28
winter,2021-01-14 17:15:00+00:00,3,0,0,0,11.78,0,211.78,0,211.78,0,211.78,0,103.01
winter,2021-01-14 17:30:00+00:00,3,0,0,0,0,0,180.3,0,180.3,0,180.3,0,125.46
winter,2021-01-14 17:45:00+00:00,3,0,0,0,0,0,181.22,0,181.22,0,181.22,0,103.8
winter,2021-01-14 18:00:00+00:00,3,0,0,0,0,0,172.16,0,172.16,0,172.16,0,102.79
winter,2021-01-14 18:15:00+00:00,3,0,0,0,0,0,0,0,0,0,166.64,166.64,78.62
winter,2021-01-14 18:30:00+00:00,3,0,0,19.4143134330702,0,19.4143134330702,177.89431343307,19.4143134330702,177.89431343307,0,158.48,0,105.14
winter,2021-01-14 18:45:00+00:00,3,0,0,0,0,0,0,0,0,0,152.08,152.08,75.26
winter,2021-01-14 19:00:00+00:00,3,0,0,0,0,0,148.56,0,148.56,0,148.56,0,128.36
winter,2021-01-14 19:15:00+00:00,3,0,0,0,0,0,0,0,0,0,139.06,139.06,87.6
winter,2021-01-14 19:30:00+00:00,3,0,0,0,0,0,0,0,0,0,132.48,132.48,80.04
winter,2021-01-14 19:45:00+00:00,3,0,0,0,0,0,0,0,0,0,120.08,120.08,61.06
winter,2021-01-14 20:00:00+00:00,3,0,0,0,0,0,116.04,0,116.04,0,116.04,0,118.29
winter,2021-01-14 20:15:00+00:00,3,0,0,0,0,0,0,0,0,0,113.18,113.18,75.16
winter,2021-01-14 20:30:00+00:00,3,0,0,0,0,0,0,0,0,0,98.78,98.78,61.96
winter,2021-01-14 20:45:00+00:00,3,0,0,0,0,0,0,0,0,0,94.16,94.16,56.14
winter,2021-01-14 21:00:00+00:00,3,0,0,0,0,0,0,0,0,0,93.06,93.06,75.17
winter,2021-01-14 21:15:00+00:00,3,0,0,0,0,0,0,0,0,0,92.26,92.26,75.14
winter,2021-01-14 21:30:00+00:00,3,0,0,0,0,0,0,0,0,0,92.72,92.72,61.95
winter,2021-01-14 21:45:00+00:00,3,0,0,74.5499926593509,0,174.549992659351,0,374.549992659351,0,0,93.66,468.209992659351,46.54
winter,2021-01-14 22:00:00+00:00,3,0,0,0,0,0,0,0,0,0,93.98,93.98,75.14
winter,2021-01-14 22:15:00+00:00,3,0,0,0,0,0,0,0,0,0,103.34,103.34,70.99
winter,2021-01-14 22:30:00+00:00,3,0,0,0,0,0,0,0,0,0,90.44,90.44,59.61
winter,2021-01-14 22:45:00+00:00,3,0,0,0,0,0,0,59.5939963286731,0,0,75.66,135.253996328673,53.91
winter,2021-01-14 23:00:00+00:00,3,0,0,0,0,0,0,0,0,0,81.2,81.2,75.8
winter,2021-01-14 23:15:00+00:00,3,0,0,0,0,0,0,0,0,0,83.9,83.9,70.96
winter,2021-01-14 23:30:00+00:00,3,0,0,0,0,0,0,0,0,0,89.1,89.1,56.98
winter,2021-01-14 23:45:00+00:00,3,0,0,0,0,154.022281327399,0,378.469992659351,0,0,89.74,468.209992659351,40.61
summer,2021-08-13 00:00:00+00:00,3,0,0,0,32,0,32,0,32,0,32,0,96.69
summer,2021-08-13 00:15:00+00:00,3,0,0,0,100,0,130.66,100,130.66,0,30.66,0,88.11
summer,2021-08-13 00:30:00+00:00,3,0,0,0,28.96,0,28.96,0,28.96,0,28.96,0,87.91
summer,2021-08-13 00:45:00+00:00,3,0,0,0,100,0,100,70.32,100,0,29.68,0,79.02
summer,2021-08-13 01:00:00+00:00,3,0,0,0,97.0059799804451,0,97.0059799804451,100,130.42,0,30.42,0,87.93
summer,2021-08-13 01:15:00+00:00,3,0,0,0,100,0,128.94,100,128.94,0,28.94,0,87.16
summer,2021-08-13 01:30:00+00:00,3,0,0,0,26.02,0,26.02,0,26.02,0,26.02,0,85.19
summer,2021-08-13 01:45:00+00:00,3,0,0,0,39,0,39,0,39,0,39,0,82.88
summer,2021-08-13 02:00:00+00:00,3,0,0,0,41.58,0,41.58,0,41.58,0,41.58,0,83.9
summer,2021-08-13 02:15:00+00:00,3,0,0,0,19.76,0,119.76,100,119.76,0,19.76,0,85.55
summer,2021-08-13 02:30:00+00:00,3,0,0,0,120.8,0,120.8,100,120.8,0,20.8,0,84.01
summer,2021-08-13 02:45:00+00:00,3,0,0,0,120.12,0,120.12,100,120.12,0,20.12,0,82.54
summer,2021-08-13 03:00:00+00:00,3,0,0,0,121.04,0,121.04,100,121.04,0,21.04,0,72.04
summer,2021-08-13 03:15:00+00:00,3,0,0,0,121.62,0,121.62,100,121.62,0,21.62,0,80.07
summer,2021-08-13 03:30:00+00:00,3,0,0,0,21.24,0,21.24,0,21.24,0,21.24,0,90.59
summer,2021-08-13 03:45:00+00:00,3,0,0,0,100,0,100,80.06,100,0,19.94,0,96.56
summer,2021-08-13 04:00:00+00:00,3,0,0,0,18,0,118,100,118,0,18,0,70.21
summer,2021-08-13 04:15:00+00:00,3,0,0,0,100,0,118.34,100,118.34,0,18.34,0,82.47
summer,2021-08-13 04:30:00+00:00,3,0,0,0,118.16,0,118.16,100,118.16,0,18.16,0,92.66
summer,2021-08-13 04:45:00+00:00,3,0,0,0,120.06,0,120.06,100,120.06,0,20.06,0,108.23
summer,2021-08-13 05:00:00+00:00,3,0,0,0,23.98,0,23.98,0,23.98,0,23.98,0,86.62
summer,2021-08-13 05:15:00+00:00,3,0,0,0,0,0,0,0,21.02,0,21.02,0,108.33
summer,2021-08-13 05:30:00+00:00,3,0,0,0,21.0464212716386,0,21.0464212716386,0,21.0464212716386,1.13357872836143,22.18,0,136.09
summer,2021-08-13 05:45:00+00:00,3,0,0,2.9368331734152,0,2.9368331734152,0,2.9368331734152,0,24.4768331734152,21.54,0,134.97
summer,2021-08-13 06:00:00+00:00,3,0,0,23.5503556862777,0,23.5503556862777,0,23.5503556862777,0,66.8503556862777,43.3,0,130.62
summer,2021-08-13 06:15:00+00:00,3,19.2833335890112,0,19.2833335890112,0,59.0065552282401,0,59.0065552282401,0,99.7865552282401,40.78,0,135.16
summer,2021-08-13 06:30:00+00:00,3,97.9330144531453,0,97.9330144531453,0,97.9330144531453,0,97.9330144531453,0,137.213014453145,39.28,0,120.75
summer,2021-08-13 06:45:00+00:00,3,0,0,17.2163480421565,0,101.554613443938,0,101.554613443938,0,179.854613443938,78.3,0,108.91
summer,2021-08-13 07:00:00+00:00,3,0,0,100,0,100.018991229652,0,100.018991229652,0,219.868991229652,119.85,0,158.42
summer,2021-08-13 07:15:00+00:00,3,0,0,0,0,117.464829482,0,160.618525329843,0,261.828525329843,101.21,0,141.84
summer,2021-08-13 07:30:00+00:00,3,0,0,0,0,125.942001792366,0,200.004653986679,0,304.864653986679,104.86,0,108.39
summer,2021-08-13 07:45:00+00:00,3,0,0,0,0,238.85559845521,0,238.85559845521,0,348.22559845521,109.37,0,92.63
summer,2021-08-13 08:00:00+00:00,3,0,0,0,0,278.510918396789,0,278.510918396789,0,386.110918396789,107.6,0,138.02
summer,2021-08-13 08:15:00+00:00,3,0,0,0,0,100,0,100,0,424.354950455084,106.94,-217.414950455084,107.65
summer,2021-08-13 08:30:00+00:00,3,0,0,0,0,0,0,0,0,461.387472636935,113.2,-348.187472636935,108.33
summer,2021-08-13 08:45:00+00:00,3,0,0,386.690066288204,0,386.690066288204,0,386.690066288204,0,497.290066288204,110.6,0,90.41
summer,2021-08-13 09:00:00+00:00,3,0,100,0,300.696485488263,0,400.696485488263,0,500.696485488263,527.856477020504,117.1,-911.452962508767,124.22
summer,2021-08-13 09:15:00+00:00,3,0,0,200,0,200,0,200,0,559.534785745491,116.96,-242.574785745491,96.97
summer,2021-08-13 09:30:00+00:00,3,0,0,200,0,200,0,200,0,588.94721573178,115.74,-273.20721573178,96.33
summer,2021-08-13 09:45:00+00:00,3,0,0,305.931805599364,0,404.283809460789,0,504.283809460789,0,615.743809460789,111.46,0,81.99
summer,2021-08-13 10:00:00+00:00,3,0,0,92.3012189342737,0,92.3012189342737,0,92.3012189342737,0,634.41582544424,108.73,-433.384606509967,105.51
summer,2021-08-13 10:15:00+00:00,3,23.5123619199481,0,246.111897834732,0,446.111897834732,0,546.111897834732,0,656.301897834732,110.19,0,86.75
summer,2021-08-13 10:30:00+00:00,3,100,0,384.594008406626,0,564.391006570971,0,564.391006570971,0,675.551006570971,111.16,0,89.6
summer,2021-08-13 10:45:00+00:00,3,0,0,181.80797605067,0,381.786567737487,0,581.786567737487,0,692.216567737487,110.43,0,78.53
summer,2021-08-13 11:00:00+00:00,3,0,0,0,0,0,0,100,0,700.873021563395,114.36,-486.513021563395,98.59
summer,2021-08-13 11:15:00+00:00,3,100,0,462.138356162103,0,599.862069481183,0,599.862069481183,0,712.452069481183,112.59,0,88.19
summer,2021-08-13 11:30:00+00:00,3,100,0,307.734922232963,0,607.715636005241,0,607.715636005241,0,721.585636005241,113.87,0,80.83
summer,2021-08-13 11:45:00+00:00,3,0,0,200,0,502.506187782162,0,602.506187782162,0,728.156187782162,125.65,0,64.2
summer,2021-08-13 12:00:00+00:00,3,0,0,262.489038232285,0,462.489038232285,0,593.179624312409,0,728.359624312409,135.18,0,91.1
summer,2021-08-13 12:15:00+00:00,3,0,0,313.485036996543,0,605.19207073782,0,605.19207073782,0,730.05207073782,124.86,0,85.98
summer,2021-08-13 12:30:00+00:00,3,0,0,401.935720942665,0,601.935720942665,0,601.935720942665,0,729.175720942665,127.24,0,73.71
summer,2021-08-13 12:45:00+00:00,3,0,0,403.446278386667,1.77635683940025e-15,503.446278386667,1.77635683940025e-15,603.446278386667,1.77635683940025e-15,725.846278386667,122.4,0,54.01
summer,2021-08-13 13:00:00+00:00,3,0,0,496.096879919532,0,598.261636627604,0,598.261636627604,0,717.221636627604,118.96,0,75.73
summer,2021-08-13 13:15:00+00:00,3,1.7401579807368,0,283.458110741912,0,483.458110741912,0,583.458110741912,0,708.958110741912,125.5,0,77.2
summer,2021-08-13 13:30:00+00:00,3,0,0,310.905634530426,0,373.253565988289,0,573.253565988289,0,698.433565988289,125.18,0,72.65
summer,2021-08-13 13:45:00+00:00,3,0,0,178.477870984363,0,362.496517444267,0,562.496517444267,0,685.576517444267,123.08,0,74.33
summer,2021-08-13 14:00:00+00:00,3,19.4494006631189,0,286.72339346995,0,386.72339346995,0,542.766006698134,0,666.986006698134,124.22,0,62.98
summer,2021-08-13 14:15:00+00:00,3,6.28073420160416,0,306.280734201604,0,406.280734201604,0,506.280734201604,0,628.850734201604,122.57,0,74.87
summer,2021-08-13 14:30:00+00:00,3,0,0,303.945905486449,0,303.945905486449,0,497.089492055531,0,621.159492055531,124.07,0,75.49
summer,2021-08-13 14:45:00+00:00,3,63.1141478098606,0,63.1141478098606,0,363.114147809861,0,463.114147809861,0,586.244147809861,123.13,0,82.66
summer,2021-08-13 15:00:00+00:00,3,0,0,141.669692517746,0,353.718506101336,0,453.718506101336,0,573.778506101336,120.06,0,52.68
summer,2021-08-13 15:15:00+00:00,3,0,0,197.243051324977,0,222.802541074742,0,416.907200181016,0,533.697200181016,116.79,0,69.86
summer,2021-08-13 15:30:00+00:00,3,0,0,115.577752121005,0,282.463687622545,0,399.817194049004,0,517.887194049004,118.07,0,75.01
summer,2021-08-13 15:45:00+00:00,3,0,0,100,0,277.832475118431,0,377.832475118431,0,493.822475118431,115.99,0,87.5
summer,2021-08-13 16:00:00+00:00,3,0,0,0,0,332.080795128017,0,341.254596631902,0,459.194596631902,117.94,0,59.05
summer,2021-08-13 16:15:00+00:00,3,0,0,203.858679210522,0,279.868266230568,0,279.868266230568,0,400.208266230568,120.34,0,75.79
summer,2021-08-13 16:30:00+00:00,3,5.14376555202193,0,124.609378965655,0,221.486447633074,0,231.686078107377,0,352.096078107377,120.41,0,93.08
summer,2021-08-13 16:45:00+00:00,3,0,0,99.9839095352403,0,99.9839095352403,0,99.9839095352403,0,313.268959873231,121.03,-92.2550503379903,108.26
summer,2021-08-13 17:00:00+00:00,3,0,0,100,0,100,0,140.872989139773,0,273.912989139773,133.04,0,83.91
summer,2021-08-13 17:15:00+00:00,3,0,0,0,5.22482860404577,0,44.2048286040454,100,44.2048286040454,235.725171395955,179.93,0,101.62
summer,2021-08-13 17:30:00+00:00,3,0,0,0,15.8578236822975,0,15.8578236822975,34.4326960843129,15.8578236822975,198.024872402015,179.45,0,105.9
summer,2021-08-13 17:45:00+00:00,3,0,0,0,600,0,1500,0,1800,160.81524770725,166.44,-1794.37524770725,131.73
summer,2021-08-13 18:00:00+00:00,3,0,0,0,20.873372778909,0,20.873372778909,0,20.873372778909,122.516627221091,143.39,0,100.8
summer,2021-08-13 18:15:00+00:00,3,0,0,0,477.191796937142,0,1077.19179693714,100,1177.19179693714,89.6356589165346,142.67,-1024.15745585368,114.6
summer,2021-08-13 18:30:00+00:00,3,0,0,0,800,0,1700,0,2000,61.8150835819844,126.8,-1935.01508358198,122.51
summer,2021-08-13 18:45:00+00:00,3,0,0,0,900,0,1900,0,2300,29.9335796996208,110.75,-2219.18357969962,140.49
summer,2021-08-13 19:00:00+00:00,3,0,0,0,800,0,1700,0,2000,6.26368403614273,106.47,-1899.79368403614,130.02
summer,2021-08-13 19:15:00+00:00,3,0,0,100,147.742176317702,200,279.39,200,300.59,0,100.59,0,112.21
summer,2021-08-13 19:30:00+00:00,3,0,0,0,800,17.2163480421566,1696.60718798297,17.2163480421566,1996.60718798297,0,97.78,-1881.61083994081,117.78
summer,2021-08-13 19:45:00+00:00,3,0,0,17.2163480421566,138.914991977619,17.2163480421566,212.556348042157,117.216348042157,212.556348042157,0,95.34,0,111.19
summer,2021-08-13 20:00:00+00:00,3,0,0,0,885.312332,0,1785.312332,0,2270.624664,0,92.21,-2178.414664,140.06
summer,2021-08-13 20:15:00+00:00,3,0,0,100,723.720427517613,100,1523.72042751761,100,1623.72042751761,0,89.37,-1434.35042751761,116.15
summer,2021-08-13 20:30:00+00:00,3,0,0,0,55.1978236822995,0,87.15,0,87.15,0,87.15,0,108.36
summer,2021-08-13 20:45:00+00:00,3,0,0,0,0,0,82.22,0,82.22,0,82.22,0,101.53
summer,2021-08-13 21:00:00+00:00,3,0,0,0,800,0,1700,0,2000,0,88.98,-1911.02,128.47
summer,2021-08-13 21:15:00+00:00,3,0,0,0,102.58,0,102.58,0,102.58,0,102.58,0,107.92
summer,2021-08-13 21:30:00+00:00,3,0,0,0,0,0,80.84,0,80.84,0,80.84,0,95.89
summer,2021-08-13 21:45:00+00:00,3,0,0,0,0,0,68.5,0,68.5,0,68.5,0,86.92
summer,2021-08-13 22:00:00+00:00,3,0,0,0,100,0,200,0,200,0,66.32,-133.68,106.99
summer,2021-08-13 22:15:00+00:00,3,0,0,0,0,0,61.12,0,61.12,0,61.12,0,95.52
summer,2021-08-13 22:30:00+00:00,3,0,0,0,52.02,0,52.02,0,52.02,0,52.02,0,91.08
summer,2021-08-13 22:45:00+00:00,3,0,0,0,44.16,0,44.16,0,44.16,0,44.16,0,84.96
summer,2021-08-13 23:00:00+00:00,3,0,0,0,0,0,60.22,0,60.22,0,60.22,0,81.17
summer,2021-08-13 23:15:00+00:00,3,0,0,0,0,0,47.48,0,47.48,0,47.48,0,80.84
summer,2021-08-13 23:30:00+00:00,3,0,0,0,0,0,34.4,0,34.4,0,34.4,0,73
summer,2021-08-13 23:45:00+00:00,3,0,0,0,0,0,31.46,0,31.46,0,31.46,0,69.91
